-- phpMyAdmin SQL Dump
-- version 4.0.9
-- http://www.phpmyadmin.net
--
-- Host: 127.0.0.1
-- Generation Time: Nov 25, 2018 at 05:51 AM
-- Server version: 5.6.14
-- PHP Version: 5.5.6

SET SQL_MODE = "NO_AUTO_VALUE_ON_ZERO";
SET time_zone = "+00:00";


/*!40101 SET @OLD_CHARACTER_SET_CLIENT=@@CHARACTER_SET_CLIENT */;
/*!40101 SET @OLD_CHARACTER_SET_RESULTS=@@CHARACTER_SET_RESULTS */;
/*!40101 SET @OLD_COLLATION_CONNECTION=@@COLLATION_CONNECTION */;
/*!40101 SET NAMES utf8 */;

--
-- Database: `tms`
--

-- --------------------------------------------------------

--
-- Table structure for table `admin`
--

CREATE TABLE IF NOT EXISTS `admin` (
  `id` int(11) NOT NULL AUTO_INCREMENT,
  `UserName` varchar(100) NOT NULL,
  `Password` varchar(100) NOT NULL,
  `updationDate` timestamp NOT NULL DEFAULT '0000-00-00 00:00:00' ON UPDATE CURRENT_TIMESTAMP,
  PRIMARY KEY (`id`)
) ENGINE=InnoDB  DEFAULT CHARSET=latin1 AUTO_INCREMENT=2 ;

--
-- Dumping data for table `admin`
--

INSERT INTO `admin` (`id`, `UserName`, `Password`, `updationDate`) VALUES
(1, 'admin', 'admin', '2018-11-22 10:00:38');

-- --------------------------------------------------------

--
-- Table structure for table `tblbooking`
--

CREATE TABLE IF NOT EXISTS `tblbooking` (
  `BookingId` int(11) NOT NULL AUTO_INCREMENT,
  `PackageId` int(11) NOT NULL,
  `UserEmail` varchar(100) NOT NULL,
  `FromDate` varchar(100) NOT NULL,
  `ToDate` varchar(100) NOT NULL,
  `Comment` mediumtext NOT NULL,
  `RegDate` timestamp NOT NULL DEFAULT CURRENT_TIMESTAMP,
  `status` int(11) NOT NULL,
  `CancelledBy` varchar(5) DEFAULT NULL,
  `UpdationDate` timestamp NULL DEFAULT NULL ON UPDATE CURRENT_TIMESTAMP,
  PRIMARY KEY (`BookingId`)
) ENGINE=InnoDB  DEFAULT CHARSET=latin1 AUTO_INCREMENT=13 ;

--
-- Dumping data for table `tblbooking`
--

INSERT INTO `tblbooking` (`BookingId`, `PackageId`, `UserEmail`, `FromDate`, `ToDate`, `Comment`, `RegDate`, `status`, `CancelledBy`, `UpdationDate`) VALUES
(3, 2, 'anuj@gmail.com', '05/16/2017', '05/31/2017', 'casf esd sg gd gdfh df', '2017-05-13 20:20:01', 2, 'a', '2017-05-13 23:04:40'),
(4, 1, 'anuj@gmail.com', '05/16/2017', '05/31/2017', 'dwef  fwe', '2017-05-13 20:32:54', 2, 'a', '2017-05-13 21:36:39'),
(5, 1, 'anuj@gmail.com', '05/16/2017', '05/31/2017', 'dwef  fwe', '2017-05-13 20:33:17', 1, NULL, '2017-05-13 23:11:35'),
(6, 2, 'anuj@gmail.com', '05/14/2017', '05/24/2017', 'test demo', '2017-05-13 21:18:37', 2, 'a', '2017-05-14 07:58:28'),
(7, 4, 'sarita@gmail.com', '05/26/2017', '05/30/2017', 'est laborum." velit esse cillum dolore eu fugiat nulla pariatur. Excepteur sint occaecat cupidatat non proident, sunt in culpa qui officia deserunt mollit anim id est laborum." velit esse cillum dolore eu fugiat nulla pariatur. Excepteur sint occaecat cupidatat non proident, sunt in culpa qui officia deserunt mollit anim id est laborum.', '2017-05-14 05:09:11', 2, 'a', '2017-05-14 07:47:39'),
(8, 2, 'sarita@gmail.com', '05/27/2017', '05/28/2017', 'ubub5u6', '2017-05-14 05:10:24', 2, 'a', '2017-05-14 05:13:03'),
(9, 1, 'demo@test.com', '05/19/2017', '05/21/2017', 'demo test demo test', '2017-05-14 07:45:11', 1, NULL, '2017-05-14 07:47:45'),
(10, 5, 'abc@g.com', '05/22/2017', '05/24/2017', 'test test t test test ttest test ttest test ttest test ttest test ttest test ttest test ttest test ttest test ttest test ttest test ttest test ttest test t', '2017-05-14 07:56:26', 1, NULL, '2017-05-14 07:58:19'),
(11, 8, 'anuj@gmail.com', '2018-11-08', '2018-11-09', 'gybhuj', '2018-11-24 04:13:13', 2, 'u', '2018-11-24 04:14:29'),
(12, 7, 'anuj@gmail.com', '2018-11-10', '2018-11-10', 'gybhuj', '2018-11-24 04:28:41', 2, 'u', '2018-11-24 04:29:33');

-- --------------------------------------------------------

--
-- Table structure for table `tblenquiry`
--

CREATE TABLE IF NOT EXISTS `tblenquiry` (
  `id` int(11) NOT NULL AUTO_INCREMENT,
  `FullName` varchar(100) NOT NULL,
  `EmailId` varchar(100) NOT NULL,
  `MobileNumber` char(10) NOT NULL,
  `Subject` varchar(100) NOT NULL,
  `Description` mediumtext NOT NULL,
  `PostingDate` timestamp NOT NULL DEFAULT CURRENT_TIMESTAMP,
  `Status` int(1) DEFAULT NULL,
  PRIMARY KEY (`id`)
) ENGINE=InnoDB  DEFAULT CHARSET=latin1 AUTO_INCREMENT=6 ;

--
-- Dumping data for table `tblenquiry`
--

INSERT INTO `tblenquiry` (`id`, `FullName`, `EmailId`, `MobileNumber`, `Subject`, `Description`, `PostingDate`, `Status`) VALUES
(2, 'efgegter', 'terterte@gmail.com', '3454353453', 'The standard Lorem Ipsum passage', 'nventore veritatis et quasi architecto beatae vitae dicta sunt explicabo. Nemo enim ipsam voluptatem quia voluptas sit aspernatur aut odit aut fugit, sed quia consequuntur magni dolores eos qui ratione voluptatem sequi nesciunt. Neque porro quisquam est, qui dolorem ipsum quia dolor sit amet, consectetur, adipisci velit, sed quia non numquam eius modi tempora incidunt ut labore et dolore magnam aliquam quaerat volup', '2017-05-13 22:27:00', 1),
(3, 'fwerwetrwet', 'fwsfhrtre@hdhdhqw.com', '8888888888', 'erwt wet', 'nventore veritatis et quasi architecto beatae vitae dicta sunt explicabo. Nemo enim ipsam voluptatem quia voluptas sit aspernatur aut odit aut fugit, sed quia consequuntur magni dolores eos qui ratione voluptatem sequi nesciunt. Neque porro quisquam est, qui dolorem ipsum quia dolor sit amet, consectetur, adipisci velit, sed quia non numquam eius modi tempora incidunt ut labore et dolore magnam aliquam quaerat volup', '2017-05-13 22:28:11', 1),
(4, 'Test', 'test@gm.com', '4747474747', 'Test', 'iidiidiidiidiidiidiidiidiidiidiidiidiidiidiidiidiidiidiidiidiidiidiidiidiidiid', '2017-05-14 07:54:07', NULL),
(5, 'nik', 'nik@gmail.com', '1234567890', 'hi', 'bye', '2018-11-23 05:15:02', NULL);

-- --------------------------------------------------------

--
-- Table structure for table `tblissues`
--

CREATE TABLE IF NOT EXISTS `tblissues` (
  `id` int(11) NOT NULL AUTO_INCREMENT,
  `UserEmail` varchar(100) NOT NULL,
  `Issue` varchar(100) NOT NULL,
  `Description` mediumtext NOT NULL,
  `PostingDate` timestamp NOT NULL DEFAULT CURRENT_TIMESTAMP,
  `AdminRemark` mediumtext,
  `AdminremarkDate` timestamp NULL DEFAULT '0000-00-00 00:00:00' ON UPDATE CURRENT_TIMESTAMP,
  PRIMARY KEY (`id`)
) ENGINE=InnoDB  DEFAULT CHARSET=latin1 AUTO_INCREMENT=8 ;

--
-- Dumping data for table `tblissues`
--

INSERT INTO `tblissues` (`id`, `UserEmail`, `Issue`, `Description`, `PostingDate`, `AdminRemark`, `AdminremarkDate`) VALUES
(5, 'sarita@gmail.com', 'Cancellation', 'tbt 3y 34y4 3y3hgg34t', '2017-05-14 05:12:14', 'sg sd gs g sdgfs ', '2017-05-14 07:52:07'),
(6, 'demo@test.com', 'Refund', 'demo test.com demo test.comdemo test.comdemo test.comdemo test.com', '2017-05-14 07:45:37', NULL, '0000-00-00 00:00:00'),
(7, 'abc@g.com', 'Refund', 'test test ttest test ttest test ttest test ttest test ttest test t', '2017-05-14 07:56:46', 'vetet ert erteryre', '2017-05-14 07:58:43');

-- --------------------------------------------------------

--
-- Table structure for table `tbltourpackages`
--

CREATE TABLE IF NOT EXISTS `tbltourpackages` (
  `PackageId` int(11) NOT NULL AUTO_INCREMENT,
  `PackageName` varchar(200) NOT NULL,
  `PackageType` varchar(150) NOT NULL,
  `PackageLocation` varchar(100) NOT NULL,
  `PackagePrice` int(11) NOT NULL,
  `PackageFetures` varchar(255) NOT NULL,
  `PackageDetails` mediumtext NOT NULL,
  `PackageImage` varchar(100) NOT NULL,
  `Creationdate` timestamp NOT NULL DEFAULT CURRENT_TIMESTAMP,
  `UpdationDate` timestamp NULL DEFAULT '0000-00-00 00:00:00' ON UPDATE CURRENT_TIMESTAMP,
  PRIMARY KEY (`PackageId`)
) ENGINE=InnoDB  DEFAULT CHARSET=latin1 AUTO_INCREMENT=9 ;

--
-- Dumping data for table `tbltourpackages`
--

INSERT INTO `tbltourpackages` (`PackageId`, `PackageName`, `PackageType`, `PackageLocation`, `PackagePrice`, `PackageFetures`, `PackageDetails`, `PackageImage`, `Creationdate`, `UpdationDate`) VALUES
(1, 'Manali Trip ', 'General', 'Kullu Manali India', 100, 'Air Conditioning ,Balcony / Terrace,Cable / Satellite / Pay TV available,Ceiling Fan,Hairdryer', '"Lorem ipsum dolor sit amet, consectetur adipiscing elit, sed do eiusmod tempor incididunt ut labore et dolore magna aliqua. Ut enim ad minim veniam, quis nostrud exercitation ullamco laboris nisi ut aliquip ex ea commodo consequat. Duis aute irure dolor in reprehenderit in voluptate velit esse cillum dolore eu fugiat nulla pariatur. Excepteur sint occaecat cupidatat non proident, sunt in culpa qui officia deserunt mollit anim id est laborum."', '14287acc-b5cb-46db-b8b4-e3ffe652fc0d.png', '2017-05-13 14:23:44', '2017-05-13 17:51:01'),
(2, 'Test ', 'Test', 'Delhi India', 5433, '"Lorem ipsum dolor sit amet, consectetur adipiscing elit, sed do eiusmod tempor incididunt ut labore et dolore magna aliqua. Ut enim ad minim veniam, quis nostrud exercitation ullamco laboris nisi ut aliquip ex ea commodo consequat. Duis aute irure dolor ', 'demo test demo test demo test demo test demo test demo test demo test demo test demo test demo test demo test demo test demo test demo test demo test demo test demo test demo test demo test demo test demo test demo test demo test demo test demo test demo test demo test demo test demo test demo test demo test demo test demo test demo test demo test demo test demo test demo test demo test demo test demo test demo test demo test demo test demo test ', 'phpgurukul-1.png', '2017-05-13 15:24:26', '2017-05-13 17:51:57'),
(4, 'Kerla', 'Familty and Couple', 'Kerlal', 2000, ' velit esse cillum dolore eu fugiat nulla pariatur. Excepteur sint occaecat cupidatat non proident, sunt in culpa qui officia deserunt mollit anim id est laborum."', ' velit esse cillum dolore eu fugiat nulla pariatur. Excepteur sint occaecat cupidatat non proident, sunt in culpa qui officia deserunt mollit anim id est laborum." velit esse cillum dolore eu fugiat nulla pariatur. Excepteur sint occaecat cupidatat non proident, sunt in culpa qui officia deserunt mollit anim id est laborum." velit esse cillum dolore eu fugiat nulla pariatur. Excepteur sint occaecat cupidatat non proident, sunt in culpa qui officia deserunt mollit anim id est laborum." velit esse cillum dolore eu fugiat nulla pariatur. Excepteur sint occaecat cupidatat non proident, sunt in culpa qui officia deserunt mollit anim id est laborum."', 'images.jpg', '2017-05-13 22:39:37', '0000-00-00 00:00:00'),
(5, 'Coorg : Tour Packages', 'General', 'Coorg', 3000, ' velit esse cillum dolore eu fugiat nulla pariatur. Excepteur sint occaecat cupidatat non proident, sunt in culpa qui officia deserunt mollit anim id est laborum."', ' velit esse cillum dolore eu fugiat nulla pariatur. Excepteur sint occaecat cupidatat non proident, sunt in culpa qui officia deserunt mollit anim id est laborum." velit esse cillum dolore eu fugiat nulla pariatur. Excepteur sint occaecat cupidatat non proident, sunt in culpa qui officia deserunt mollit anim id est laborum." velit esse cillum dolore eu fugiat nulla pariatur. Excepteur sint occaecat cupidatat non proident, sunt in culpa qui officia deserunt mollit anim id est laborum." velit esse cillum dolore eu fugiat nulla pariatur. Excepteur sint occaecat cupidatat non proident, sunt in culpa qui officia deserunt mollit anim id est laborum." velit esse cillum dolore eu fugiat nulla pariatur. Excepteur sint occaecat cupidatat non proident, sunt in culpa qui officia deserunt mollit anim id est laborum." velit esse cillum dolore eu fugiat nulla pariatur. Excepteur sint occaecat cupidatat non proident, sunt in culpa qui officia deserunt mollit anim id est laborum." velit esse cillum dolore eu fugiat nulla pariatur. Excepteur sint occaecat cupidatat non proident, sunt in culpa qui officia deserunt mollit anim id est laborum." velit esse cillum dolore eu fugiat nulla pariatur. Excepteur sint occaecat cupidatat non proident, sunt in culpa qui officia deserunt mollit anim id est laborum."', 'coorg-hill-station1.jpg', '2017-05-13 22:42:10', '0000-00-00 00:00:00'),
(6, 'Indonesia', 'Family', 'Indonesia', 5000, 'Frree wifi, pickup and drop etc', 'Test Test Test Test Test Test Test Test Test Test Test Test Test Test Test Test Test Test Test Test Test Test Test Test Test Test Test Test Test Test Test Test Test Test Test Test Test Test Test Test Test Test Test Test Test Test Test Test Test Test Test Test Test Test Test Test Test Test Test Test ', 'mamp-pro-logo-big.png', '2017-05-14 08:01:08', '2017-05-14 08:01:27'),
(7, 'Banglore', 'Family', 'Banglore', 900, 'All around the city', 'aaaaaaaaaaaaaaaaaaaaaaa', 'IMG (4).jpeg', '2018-11-23 17:22:54', '2018-11-24 04:17:47'),
(8, 'dubai', 'Family', 'dubai', 858, 'r566t77yu6', '6gtyhujfghj', 'IMG (2).jpeg', '2018-11-24 04:08:57', '0000-00-00 00:00:00');

-- --------------------------------------------------------

--
-- Table structure for table `tblusers`
--

CREATE TABLE IF NOT EXISTS `tblusers` (
  `id` int(11) NOT NULL AUTO_INCREMENT,
  `FullName` varchar(100) NOT NULL,
  `MobileNumber` char(10) NOT NULL,
  `EmailId` varchar(70) NOT NULL,
  `Password` varchar(100) NOT NULL,
  `RegDate` timestamp NOT NULL DEFAULT CURRENT_TIMESTAMP,
  `UpdationDate` timestamp NOT NULL DEFAULT '0000-00-00 00:00:00' ON UPDATE CURRENT_TIMESTAMP,
  PRIMARY KEY (`id`),
  KEY `EmailId` (`EmailId`),
  KEY `EmailId_2` (`EmailId`)
) ENGINE=InnoDB  DEFAULT CHARSET=latin1 AUTO_INCREMENT=14 ;

--
-- Dumping data for table `tblusers`
--

INSERT INTO `tblusers` (`id`, `FullName`, `MobileNumber`, `EmailId`, `Password`, `RegDate`, `UpdationDate`) VALUES
(1, 'Anuj kumar', '1111111111', 'anuj@gmail.com', '4321', '2017-05-10 10:38:17', '2018-11-24 04:27:38'),
(3, 'sarita', '9999999999', 'sarita@gmail.com', '5c428d8875d2948607f3e3fe134d71b4', '2017-05-10 10:50:48', '2017-05-14 07:40:19'),
(7, 'test', '7676767676', 'test@gm.com', 'f925916e2754e5e03f75dd58a5733251', '2017-05-10 10:54:56', '0000-00-00 00:00:00'),
(8, 'Anuj kumar', '9999999999', 'demo@gmail.com', 'f925916e2754e5e03f75dd58a5733251', '2017-05-14 07:17:44', '0000-00-00 00:00:00'),
(9, 'XYZabc', '3333333333', 'xyz@gmail.com', 'f925916e2754e5e03f75dd58a5733251', '2017-05-14 07:25:13', '2017-05-14 07:25:42'),
(10, 'Anuj Kumar', '4543534534', 'demo@test.com', 'f925916e2754e5e03f75dd58a5733251', '2017-05-14 07:43:23', '2017-05-14 07:46:57'),
(11, 'XYZ', '8888888888', 'abc@g.com', 'f925916e2754e5e03f75dd58a5733251', '2017-05-14 07:54:32', '2017-05-14 07:55:17'),
(12, 'aaaa', '4657676453', 'dzhjsdfjmk@gmail.com', '827ccb0eea8a706c4c34a16891f84e7b', '2018-11-24 03:42:44', '0000-00-00 00:00:00'),
(13, 'ssss', '3434343434', 'sow@gmail.com', '2222', '2018-11-24 03:46:37', '0000-00-00 00:00:00');

/*!40101 SET CHARACTER_SET_CLIENT=@OLD_CHARACTER_SET_CLIENT */;
/*!40101 SET CHARACTER_SET_RESULTS=@OLD_CHARACTER_SET_RESULTS */;
/*!40101 SET COLLATION_CONNECTION=@OLD_COLLATION_CONNECTION */;
